{
    "skinWeights":[0,0,0,0,0,0,0,0,0,0,0,0,0,0,0,0],
    "uvs":[[0.0002,0.9998,0.333134,0.9998,0.333134,0.666867,0.0002,0.666867,0.0002,0.333134,0.0002,0.0002,0.333134,0.0002,0.333134,0.333134,0.0002,0.666467,0.0002,0.333533,0.333134,0.333533,0.333134,0.666467,0.333533,0.666467,0.333533,0.333533,0.666467,0.333533,0.666467,0.666467,0.9998,0.0002,0.666866,0.0002,0.666866,0.333133,0.9998,0.333134,0.333533,0.333134,0.666467,0.333134,0.666467,0.0002,0.333533,0.0002]],
    "vertices":[0.5,0.999999,-0.2,0.5,-1,-0.2,-0.5,-0.999999,-0.2,-0.5,1,-0.2,0.5,0.999999,0.2,0.499999,-1,0.2,-0.5,-0.999999,0.2,-0.5,1,0.2],
    "normals":[-0,-1,0,0,1,-0,1,0,0,-1e-06,-1e-06,1,-1,-0,-0,0,1e-06,-1],
    "materials":[{
        "colorSpecular":[0.5,0.5,0.5],
        "mapDiffuseAnisotropy":1,
        "depthTest":true,
        "vertexColors":false,
        "colorEmissive":[0,0,0],
        "specularCoef":50,
        "DbgColor":15658734,
        "mapDiffuseRepeat":[1,1],
        "DbgIndex":0,
        "mapDiffuse":"mysticCarTexture.png",
        "mapDiffuseWrap":["RepeatWrapping","RepeatWrapping"],
        "opacity":1,
        "wireframe":false,
        "shading":"phong",
        "transparent":false,
        "DbgName":"Material",
        "colorDiffuse":[0.64,0.64,0.64],
        "blending":"NormalBlending",
        "visible":true,
        "depthWrite":true
    }],
    "name":"CubeGeometry.1",
    "bones":[{
        "rotq":[0.707107,0,-0,0.707107],
        "parent":-1,
        "scl":[1,1,0.1],
        "pos":[0,0,-0],
        "name":"Bone"
    }],
    "skinIndices":[0,0,0,0,0,0,0,0,0,0,0,0,0,0,0,0],
    "faces":[43,0,1,2,3,0,0,1,2,3,0,0,0,0,43,4,7,6,5,0,4,5,6,7,1,1,1,1,43,0,4,5,1,0,8,9,10,11,2,2,2,2,43,1,5,6,2,0,12,13,14,15,3,3,3,3,43,2,6,7,3,0,16,17,18,19,4,4,4,4,43,4,0,3,7,0,20,21,22,23,5,5,5,5],
    "colors":[],
    "morphTargets":[],
    "metadata":{
        "version":3,
        "vertices":8,
        "normals":6,
        "materials":1,
        "faces":6,
        "type":"Geometry",
        "bones":1,
        "uvs":1,
        "generator":"io_three",
        "colors":0,
        "morphTargets":0
    },
    "influencesPerVertex":2,
    "animations":[{
        "hierarchy":[{
            "parent":-1,
            "keys":[{
                "rot":[0.707107,0,-0,0.707107],
                "scl":[0.5,1,0.2],
                "time":0,
                "pos":[0,0,-0]
            },{
                "rot":[0.707107,0,-0,0.707107],
                "scl":[0.5,1,0.2],
                "time":0.041667,
                "pos":[0,0,-0]
            }]
        }],
        "fps":24,
        "length":0.041667,
        "name":"CubeAction"
    },{
        "hierarchy":[{
            "parent":-1,
            "keys":[{
                "rot":[0.707107,0,-0,0.707107],
                "scl":[1,1,0.1],
                "time":0,
                "pos":[0,0,-0]
            },{
                "rot":[0.707107,0,-0,0.707107],
                "scl":[1,1,0.1],
                "time":0.041667,
                "pos":[0,0,-0]
            }]
        }],
        "fps":24,
        "length":0.041667,
        "name":"idle"
    }]
}